mpid,last phdos peak
mp-1000,98.58577122703691
mp-10044,701.5857233477558
mp-1008506,1138.5856886491724
mp-1008556,718.5857219979254
mp-1008559,795.5857158839873
mp-10086,339.58575209120477
mp-1008680,297.5857554260802
mp-1008786,247.5857593961698
mp-1009082,276.58575709351777
mp-1009084,523.5857374812748
mp-1009085,590.5857321613547
mp-1009087,528.5857370842659
mp-1009088,540.5857361314445
mp-1009733,240.5857599519823
mp-1009813,344.5857516941958
mp-1011695,100.58577106823331
mp-1014244,650.5857273972472
mp-10155,483.58574065734666
mp-10159,135.9557896728841
mp-10163,338.5857521706066
mp-1018096,366.5857499473565
mp-1018100,322.5857534410353
mp-10182,400.58574724769545
mp-1020019,1100.5856916664407
mp-1020059,856.5857110404779
mp-10219,593.5857319231493
mp-1022,184.5857643984827
mp-10226,279.5857568553124
mp-10246,355.58575082077624
mp-10250,481.5857408161503
mp-10281,335.58575240881197
mp-10289,1292.5856764212965
mp-1029,301.58575510847294
mp-10322,719.5857219185235
mp-10336,172.58576535130422
mp-10341,694.5857239035686
mp-10378,69.63722405788964
mp-1039,270.5857575699285
mp-10408,1979.5856218722645
mp-10417,609.5857306527207
mp-10418,607.5857308115244
mp-10485,336.58575232941024
mp-10492,762.5857185042465
mp-10547,545.5857357344355
mp-10550,542.5857359726408
mp-10614,429.5857449450435
mp-10615,376.58574915333855
mp-10616,359.5857505031691
mp-10694,637.5857284294706
mp-10695,335.58575240881197
mp-1070,187.58576416027734
mp-10748,413.58574621547217
mp-10760,302.5857550290712
mp-10776,369.5857497091512
mp-1087,219.58576161942003
mp-10918,1826.5856340207388
mp-10919,1797.5856363233909
mp-10955,230.58576074600026
mp-10969,2151.5856082151568
mp-10985,317.58575383804435
mp-11019,679.5857250945952
mp-11020,614.5857302557117
mp-11022,577.5857331935781
mp-1105,910.5857067527812
mp-1106,217.5857617782236
mp-11123,199.5857632074558
mp-11175,571.5857336699888
mp-11265,170.5857655101078
mp-11327,99.58577114763511
mp-1138,593.5857319231493
mp-1143,792.5857161221927
mp-11520,204.58576281044685
mp-1153,457.5857427217933
mp-11583,679.5857250945952
mp-11659,1382.5856692751352
mp-11674,429.5857449450435
mp-11695,348.5857513765887
mp-11703,330.5857528058209
mp-11713,833.7677456801904
mp-11714,907.5857069909863
mp-11715,1341.5856725306085
mp-11718,233.5857605077949
mp-11719,414.5857461360704
mp-11739,144.5857675745544
mp-11824,485.1102590218785
mp-11869,197.58576336625939
mp-1190,224.58576122241104
mp-11918,1112.585690713619
mp-11919,1049.5856957159324
mp-12016,579.5857330347744
mp-12317,2014.5856190932016
mp-12385,781.5857169956122
mp-12418,200.58576312805405
mp-12427,809.5033679564572
mp-1243,674.5857254916042
mp-12444,337.5857522500084
mp-1247,227.5857609842057
mp-12491,159.58576638352753
mp-12509,561.5857344640067
mp-1253,109.58577035361715
mp-12532,531.5857368460606
mp-12535,187.58576416027734
mp-12622,526.5857372430696
mp-12623,520.5857377194803
mp-12779,144.5857675745544
mp-12814,435.58574446863264
mp-1285,703.5857231889522
mp-1287,478.5857410543556
mp-12885,978.5857013534593
mp-12894,524.5857374018732
mp-12903,181.58576463668808
mp-12908,247.5857593961698
mp-12927,1002.5856994478163
mp-12954,689.5857243005772
mp-13033,261.5857582845447
mp-13055,753.9456261761827
mp-13056,754.4592429505203
mp-13109,776.3577663735823
mp-13133,795.5857158839873
mp-13276,410.5857464536776
mp-13277,350.5857512177851
mp-13356,695.3071651297435
mp-1340,280.5857567759106
mp-1342,374.5857493121421
mp-13445,276.58575709351777
mp-1345,432.585744706838
mp-13541,1326.5856737216354
mp-13548,83.42622265888586
mp-13610,534.5857366078552
mp-13641,709.5857227125415
mp-13660,401.58574716829366
mp-13676,1077.5856934926821
mp-13800,443.58574383341835
mp-13868,652.5857272384436
mp-13898,465.5857420865789
mp-13900,592.5857320025513
mp-13903,609.5857306527207
mp-13907,595.5857317643457
mp-13925,461.585742404186
mp-1394,275.58575717291956
mp-13946,568.5857339081942
mp-13947,579.5857330347744
mp-13948,572.5857335905872
mp-13949,208.5857624928397
mp-13983,623.5857295410957
mp-13984,619.5857298587027
mp-13992,375.58574923274034
mp-14017,136.26216674540237
mp-14037,544.5857358138372
mp-14038,558.5857347022122
mp-14088,614.5857302557117
mp-14091,373.585749391544
mp-14092,323.58575336163346
mp-14115,571.5857336699888
mp-14116,691.5857241417737
mp-1413,453.5857430394004
mp-1415,184.5857643984827
mp-14175,904.376237450921
mp-14205,287.5857562200981
mp-14206,236.5857602695895
mp-14285,477.5857411337574
mp-14333,955.5857031797003
mp-14398,1340.5856726100105
mp-14437,489.5857401809359
mp-14588,225.5857611430092
mp-1479,791.5857162015947
mp-149,480.58574089555196
mp-14983,502.5857391487126
mp-1500,218.58576169882184
mp-15157,435.58574446863264
mp-1519,163.58576606592038
mp-1522,447.58574351581115
mp-15349,789.5857163603979
mp-1541,565.5857341463998
mp-1550,430.5857448656418
mp-15556,280.7913011441348
mp-15649,295.5857555848837
mp-1565,647.5142591836287
mp-15684,282.58575661710705
mp-1569,939.5857044501292
mp-15703,1209.5856830116452
mp-15704,982.585701035852
mp-15776,260.58575836394647
mp-15777,208.5857624928397
mp-15781,253.58575891975903
mp-15788,262.5857582051429
mp-15794,226.58576106360744
mp-15896,420.58574565965966
mp-1591,850.5857115168886
mp-15951,932.5857050059418
mp-15953,466.5857420071772
mp-15954,295.5857555848837
mp-15988,396.58574756530265
mp-15999,399.5857473270973
mp-160,1164.5856865847259
mp-16236,150.58576709814366
mp-16264,364.58575010616005
mp-16337,206.5857626516433
mp-1634,296.585755505482
mp-1639,1223.58568190002
mp-165,481.5857408161503
mp-16577,566.5857340669977
mp-1672,244.5857596343752
mp-16742,244.5857596343752
mp-16763,173.5857652719024
mp-16764,171.58576543070603
mp-1700,722.5857216803181
mp-1747,129.58576876558132
mp-1778,1011.5856987332004
mp-1784,215.5857619370272
mp-181,272.585757411125
mp-1873,469.58574176897173
mp-189,471.58574161016816
mp-1922,260.58575836394647
mp-1958,121.58576940079568
mp-1960,660.5857266032292
mp-1968,523.5857374812748
mp-19717,95.58577146524229
mp-19734,547.5857355756318
mp-19765,166.585765827715
mp-19795,303.58575494966937
mp-19833,317.58575383804435
mp-19851,182.58576455728627
mp-1986,538.5857362902481
mp-20015,719.5857219185235
mp-20027,468.58574184837363
mp-20072,640.5857281912653
mp-2008,330.5857528058209
mp-20098,635.285556532021
mp-20187,351.58575113838333
mp-20210,496.5857396251232
mp-20256,263.5857581257411
mp-20282,366.5857499473565
mp-20289,270.5857575699285
mp-2030,439.5857441510256
mp-20329,571.5857336699888
mp-20351,331.5857527264192
mp-20352,620.585729779301
mp-20450,935.5857047677364
mp-20459,800.4307672174878
mp-2064,238.58576011078603
mp-2068,554.5857350198194
mp-2072,169.5857655895096
mp-20731,204.58576281044685
mp-2074,403.5857470094902
mp-20782,325.58575320282995
mp-2079,506.5857388311055
mp-20790,565.5857341463998
mp-20817,256.58575868155367
mp-20832,160.58576630412574
mp-21166,176.5857650336971
mp-21228,311.585754314455
mp-21276,224.58576122241104
mp-2133,534.5857366078552
mp-21374,166.585765827715
mp-21510,202.58576296925045
mp-21511,261.5857582845447
mp-2172,331.5857527264192
mp-2175,222.91912719571775
mp-2176,178.58576487489344
mp-21855,349.5857512971869
mp-2201,138.58576805096516
mp-22255,181.58576463668808
mp-22261,173.5857652719024
mp-2229,500.5857393075161
mp-223,910.5857067527812
mp-22304,205.58576273104512
mp-22313,599.5857314467387
mp-22323,583.5857327171674
mp-22450,626.5857293028903
mp-22473,168.5857656689114
mp-22483,185.58576431908094
mp-22583,599.5857314467387
mp-22607,208.5857624928397
mp-22660,571.5857336699888
mp-2286,400.58574724769545
mp-22865,115.58576987720642
mp-22867,86.58577217985842
mp-22875,82.58577249746558
mp-22888,222.5857613812146
mp-22894,116.58576979780462
mp-22895,153.58576685993827
mp-22896,241.58575987258044
mp-22898,99.58577114763511
mp-22899,285.58575637890164
mp-22901,93.58577162404586
mp-22903,74.58577313267992
mp-22905,393.58574780350807
mp-22906,76.58577297387635
mp-22909,310.5857543938568
mp-22913,177.58576495429523
mp-22914,253.58575891975903
mp-22919,103.34535948486929
mp-22922,183.58576447788448
mp-22925,121.58576940079568
mp-22934,331.5857527264192
mp-22935,272.585757411125
mp-22936,468.58574184837363
mp-22937,354.58575090017797
mp-22951,242.58575979317874
mp-22956,331.5857527264192
mp-22957,317.58575383804435
mp-22984,543.8612030793709
mp-22988,273.5857573317232
mp-22990,263.5857581257411
mp-23004,368.58574978855285
mp-23009,451.58574319820394
mp-23018,727.5857212833093
mp-23023,476.58574121315917
mp-23024,295.5857555848837
mp-23025,494.58573978392684
mp-23033,408.58574661248116
mp-23040,289.5857560612945
mp-23054,553.5857350992212
mp-23056,397.5857474859008
mp-23059,319.58575367924067
mp-23060,177.58576495429523
mp-23070,265.58575796693754
mp-23091,653.9614869773397
mp-23092,745.5485956310678
mp-23116,437.5857443098292
mp-23127,652.5857272384436
mp-23167,155.58576670113467
mp-2319,470.5857416895698
mp-23193,141.58576781275983
mp-23197,66.58577376789428
mp-23209,201.58576304865227
mp-23214,257.5857586021519
mp-23222,377.5857490739367
mp-23231,127.58576892438492
mp-23251,112.58577011541179
mp-23259,334.58575248821387
mp-23260,106.58577059182257
mp-23263,160.58576630412574
mp-23268,119.58576955959923
mp-23289,139.58576797156337
mp-23295,113.58577003600998
mp-23299,129.58576876558132
mp-23302,69.58577352968891
mp-23303,85.58577225926021
mp-23349,1476.8987630443203
mp-23350,336.58575232941024
mp-23353,146.58576741575087
mp-23364,361.5857503443654
mp-23405,213.58576209583072
mp-23406,332.5857526470174
mp-23425,269.5857576493304
mp-23432,283.58575653770527
mp-23465,275.58575717291956
mp-23484,335.58575240881197
mp-23485,116.58576979780462
mp-23550,508.5857386723019
mp-23703,1045.5856960335393
mp-2371,223.58576130181282
mp-23737,1362.585670863171
mp-23804,1943.585624730729
mp-23818,1013.5856985743968
mp-23859,999.5856996860216
mp-23860,934.5857048471382
mp-23861,847.5857117550943
mp-23862,779.5857171544162
mp-239,457.5857427217933
mp-23933,1886.5856292566314
mp-23949,1285.585676977109
mp-23956,1333.5856731658228
mp-24007,3643.743437099969
mp-24066,3628.585490938709
mp-24084,753.5857192188628
mp-241,373.585749391544
mp-24292,1774.585638149632
mp-24341,1784.5856373556146
mp-24423,897.5857077850044
mp-24424,820.5857138989426
mp-24428,3336.5855141240318
mp-2455,276.58575709351777
mp-24589,3637.5854902240917
mp-2469,291.58575590249086
mp-2472,420.58574565965966
mp-24721,718.5857219979254
mp-2488,504.5857389899089
mp-2490,381.5857487563297
mp-2517,254.58575884035724
mp-252,501.58573922811433
mp-2530,351.58575113838333
mp-25305,1001.585699527218
mp-2534,259.58575844334825
mp-2552,770.5857178690321
mp-2574,686.5857245387828
mp-2576,144.5857675745544
mp-2605,466.5857420071772
mp-2624,291.58575590249086
mp-2646,254.58575884035724
mp-2657,768.3583495879683
mp-2659,2131.5856098031923
mp-2667,65.58577384729607
mp-267,234.5857604283931
mp-2672,847.5857117550943
mp-2691,189.58576400147373
mp-2693,123.58576924199207
mp-2695,210.5857623340361
mp-2697,926.9151354639647
mp-27138,254.58575884035724
mp-27193,749.5857195364697
mp-27207,331.59810336415944
mp-27227,479.58574097495386
mp-27243,232.5857605871967
mp-27253,601.5857312879351
mp-27255,369.5857497091512
mp-27294,244.5857596343752
mp-27300,238.58576011078603
mp-27303,496.5857396251232
mp-27315,684.5857246975862
mp-27385,270.5857575699285
mp-2741,373.585749391544
mp-27419,564.5857342258015
mp-27420,563.5857343052032
mp-27421,552.5857351786229
mp-27422,549.5857354168284
mp-27456,125.58576908318848
mp-27546,360.58575042376714
mp-27549,169.5857655895096
mp-27562,563.5857343052032
mp-2758,143.5857676539562
mp-27608,989.5857004800397
mp-27678,251.58575907856255
mp-27716,339.58575209120477
mp-27827,376.58574915333855
mp-27828,366.5857499473565
mp-27829,315.58575399684787
mp-27830,304.58575487026764
mp-27869,230.58576074600026
mp-27882,317.58575383804435
mp-27904,427.5857451038471
mp-27985,556.5857348610158
mp-27999,247.5857593961698
mp-28020,495.5857397045252
mp-28069,287.5857562200981
mp-28084,252.58575899916082
mp-28111,1212.5856827734399
mp-28145,337.5857522500084
mp-28171,275.58575717291956
mp-28243,374.5857493121421
mp-28264,3521.5854994346996
mp-28266,457.5857427217933
mp-28270,428.5857450244453
mp-28295,754.5857191394607
mp-28302,346.5857515353923
mp-28377,160.620206064518
mp-28423,273.5857573317232
mp-28453,191.58576384267016
mp-28553,423.5857454214543
mp-28554,222.5857613812146
mp-2858,737.5857204892912
mp-28591,331.5857527264192
mp-28599,398.585747406499
mp-28626,472.58574153076637
mp-28627,322.5857534410353
mp-28797,1160.585686902333
mp-288,445.5857436746148
mp-28872,791.5857162015947
mp-28873,790.5857162809963
mp-2894,234.5857604283931
mp-28994,450.5857432776057
mp-29025,669.5857258886133
mp-29055,152.5857669393401
mp-29091,454.58574295999847
mp-29138,222.5857613812146
mp-29149,641.5857281118634
mp-29151,632.5857288264797
mp-29163,334.58575248821387
mp-2918,653.5857271590419
mp-2920,726.5857213627112
mp-29208,235.58576034899133
mp-29209,233.5857605077949
mp-29266,483.58574065734666
mp-29342,304.58575487026764
mp-29364,768.9388632748868
mp-29396,602.5857312085333
mp-29398,165.58576590711678
mp-29403,213.58576209583072
mp-29463,1070.5856940484944
mp-29484,230.58576074600026
mp-29506,554.5857350198194
mp-29521,551.5857352580248
mp-29584,765.585718266041
mp-29585,257.5857586021519
mp-2961,475.585741292561
mp-2964,1331.5856733246264
mp-29678,234.06886996956717
mp-29750,315.58575399684787
mp-29751,257.3811557603249
mp-29754,621.5857296998992
mp-2979,758.5857188218538
mp-30004,298.9949156176686
mp-30041,236.5857602695895
mp-30056,221.85373991699416
mp-30062,228.58576090480392
mp-30250,555.5857349404176
mp-30251,594.4020938795843
mp-30315,1648.585648154258
mp-30373,83.58577241806378
mp-3038,383.585748597526
mp-304,223.58576130181282
mp-3042,779.5857171544162
mp-30456,322.5857534410353
mp-30459,236.5857602695895
mp-30460,182.58576455728627
mp-3054,1542.5856565708484
mp-3056,428.5857450244453
mp-3074,542.5857359726408
mp-3078,392.5857478829098
mp-30847,264.5857580463393
mp-3098,836.5857126285138
mp-30988,550.5857353374264
mp-31002,142.58576773335804
mp-3104,714.5857223155325
mp-31212,502.5857391487126
mp-31235,166.585765827715
mp-3125,504.5857389899089
mp-31451,241.58575987258044
mp-31454,249.58575923736615
mp-31468,629.5857290646849
mp-315,311.585754314455
mp-3159,386.5857483593206
mp-3163,721.2550053696123
mp-3167,272.585757411125
mp-3216,662.5857264444257
mp-3247,441.5857439922218
mp-32616,391.5857479623117
mp-3277,1070.5856940484944
mp-3288,1315.585674595055
mp-32880,177.58576495429523
mp-3349,803.5857152487729
mp-33526,300.5857551878748
mp-33588,507.58573875170373
mp-3359,693.5857239829703
mp-3395,782.6436177376511
mp-34126,491.5857400221323
mp-34169,208.5857624928397
mp-3419,584.5857326377655
mp-3427,863.5857104846657
mp-34293,1054.168039020076
mp-3432,262.5857582051429
mp-34579,547.5959088769893
mp-3481,179.58576479549168
mp-3486,150.58576709814366
mp-34932,3285.230902043269
mp-35152,1786.5856371968107
mp-3519,598.5857315261405
mp-35220,3355.714701120785
mp-3524,1111.5856907930208
mp-35777,257.5857586021519
mp-3589,1221.5856820588235
mp-3595,401.58574716829366
mp-36066,1369.9735422635215
mp-3614,876.5857094524423
mp-3637,560.5857345434086
mp-3642,657.5857268414347
mp-36508,578.5857331141764
mp-3654,471.0938502979696
mp-3666,859.5857108022728
mp-3668,371.58574955034754
mp-370,251.01789069958312
mp-3700,546.5857356550338
mp-37091,346.5857515353923
mp-37216,524.5857374018732
mp-3731,850.5857115168886
mp-3748,857.5857109610762
mp-3762,454.58574295999847
mp-3771,765.585718266041
mp-3772,250.5857591579644
mp-380,221.58576146061642
mp-38011,2551.585576454439
mp-3810,726.5857213627112
mp-38117,226.58576106360744
mp-3813,456.97355178318014
mp-3821,598.5857315261405
mp-3834,763.4585635073801
mp-3839,204.58576281044685
mp-384,477.5857411337574
mp-38970,229.585760825402
mp-3915,618.5857299381046
mp-3924,564.5857342258015
mp-3953,1500.5856599057233
mp-3970,641.5857281118634
mp-3980,662.5857264444257
mp-3982,672.5857256504078
mp-4002,572.5857335905872
mp-4009,328.5857529646245
mp-4035,977.585701432861
mp-4043,316.58575391744614
mp-4047,735.5857206480949
mp-406,144.5857675745544
mp-4081,278.5857569347142
mp-4124,2148.5856084533616
mp-4156,747.6702578770523
mp-4165,816.5857142165497
mp-4175,345.58575161479416
mp-4187,904.585707229192
mp-4190,607.5857308115244
mp-4200,1154.5856873787438
mp-422,599.5857314467387
mp-4236,619.5857298587027
mp-4280,679.5857250945952
mp-4360,429.5857449450435
mp-4385,1470.585662287777
mp-4405,266.8364515022847
mp-4406,1173.5856858701095
mp-441,84.58577233866201
mp-4452,352.5857510589816
mp-4482,644.585727873658
mp-4495,325.58575320282995
mp-4497,1128.5856894431904
mp-4511,462.5857423247843
mp-4514,873.5857096906476
mp-4524,381.5857487563297
mp-4547,474.58574137196274
mp-4555,739.5857203304878
mp-4586,331.5857527264192
mp-4609,1077.5856934926821
mp-4627,400.58574724769545
mp-463,249.58575923736615
mp-4636,656.5857269208365
mp-4666,476.58574121315917
mp-468,710.5857226331398
mp-4690,895.0107895499382
mp-470,795.5857158839873
mp-4763,477.5857411337574
mp-4782,601.5857312879351
mp-4809,350.5857512177851
mp-4820,1065.5856944455031
mp-486,465.5857420865789
mp-487,539.5857362108462
mp-4961,614.5857302557117
mp-4979,462.5857423247843
mp-5012,1018.5856981773877
mp-5020,735.538617696687
mp-5038,381.5857487563297
mp-504535,2264.5855992427537
mp-5046,1234.5856810266002
mp-504729,602.5857312085333
mp-5048,331.5857527264192
mp-504838,653.5857271590419
mp-505297,249.58575923736615
mp-505634,145.58576749515262
mp-505825,1804.5856357675784
mp-5061,798.5857156457819
mp-5072,615.58573017631
mp-5077,342.5857518529994
mp-5078,469.58574176897173
mp-510268,347.58575145599053
mp-510273,607.5857308115244
mp-5122,399.5857473270973
mp-5127,662.5857264444257
mp-5132,1132.5856891255833
mp-5175,486.5857404191413
mp-5213,334.58575248821387
mp-5238,358.5857505825708
mp-5295,793.3945295514336
mp-5339,173.5857652719024
mp-5342,347.58575145599053
mp-5350,358.5857505825708
mp-5377,801.5857154075765
mp-5380,506.5857388311055
mp-539,395.5857476447045
mp-5394,310.5857543938568
mp-540584,549.5857354168284
mp-540703,184.5857643984827
mp-540957,173.5857652719024
mp-541037,625.5857293822921
mp-541044,478.5857410543556
mp-541226,581.585732875971
mp-5414,307.5857546320623
mp-541899,165.17565028761243
mp-5427,1178.4664455102513
mp-543024,257.5857586021519
mp-5431,708.8707572993352
mp-545359,641.5857281118634
mp-545500,573.5857335111854
mp-545544,744.6165269361184
mp-546011,515.5857381164893
mp-546125,925.5857055617543
mp-546794,1184.5856849966901
mp-546864,2160.58560750054
mp-547244,550.5857353374264
mp-547792,624.5857294616939
mp-5478,608.5857307321222
mp-5479,658.2016401888546
mp-5488,610.585730573319
mp-549589,460.58574248358804
mp-549697,694.5857239035686
mp-549737,1283.5856771359124
mp-550751,1033.8940424655252
mp-551092,631.5857289058813
mp-551203,447.58574351581115
mp-551243,507.58573875170373
mp-551269,687.5584521825792
mp-551456,628.5857291440867
mp-5518,234.5857604283931
mp-551835,390.58574804171343
mp-551873,374.5857493121421
mp-552234,512.5857383546946
mp-552488,470.5857416895698
mp-552537,631.5857289058813
mp-552547,509.5857385929
mp-552806,542.5857359726408
mp-552934,628.5857291440867
mp-553025,574.5857334317835
mp-5532,811.5857146135588
mp-553281,735.6805937023079
mp-553303,605.585730970328
mp-553310,663.5857263650239
mp-553342,1384.5856691163315
mp-553875,680.5857250151935
mp-553961,802.5857153281747
mp-554155,1194.5856842026724
mp-554412,1208.1195814195778
mp-555166,339.58575209120477
mp-555286,1194.9022217453005
mp-555763,334.58575248821387
mp-555874,385.58574843872236
mp-556405,2063.585615202514
mp-556866,336.58575232941024
mp-556953,652.5857272384436
mp-558071,480.58574089555196
mp-558430,1151.5856876169494
mp-558781,811.5857146135588
mp-5588,785.5857166780053
mp-559092,637.5857284294706
mp-5594,1145.58568809336
mp-560558,330.5857528058209
mp-560588,334.58575248821387
mp-560790,442.5857439128201
mp-560791,793.585716042791
mp-561561,543.5857358932392
mp-561586,247.5857593961698
mp-561710,459.58574256298965
mp-561902,268.5857577287321
mp-561947,422.0160755603324
mp-5621,435.58574446863264
mp-5652,1074.5856937308872
mp-567290,501.58573922811433
mp-567373,2145.585608691567
mp-567558,223.58576130181282
mp-567636,329.58575288522275
mp-567652,294.5857556642855
mp-567655,2084.5856135350764
mp-567666,430.5857448656418
mp-567680,225.5857611430092
mp-567744,133.58576844797415
mp-567776,322.5857534410353
mp-567841,604.5857310497298
mp-567913,234.5857604283931
mp-568018,168.5857656689114
mp-568032,202.58576296925045
mp-568052,259.58575844334825
mp-568273,247.5857593961698
mp-568284,126.58576900378668
mp-568536,120.58576948019743
mp-568544,271.5857574905268
mp-568560,87.5857721004566
mp-568619,849.5857115962906
mp-568661,207.58576257224152
mp-568662,184.5857643984827
mp-568666,192.58576376326835
mp-568968,236.5857602695895
mp-569346,154.5857667805365
mp-569442,348.5857513765887
mp-569548,236.5857602695895
mp-569639,149.58576717754542
mp-569677,375.58574923274034
mp-569779,240.5857599519823
mp-569812,2181.5856058331024
mp-570008,365.5857500267583
mp-570097,473.5857414513646
mp-570213,287.5857562200981
mp-570256,123.58576924199207
mp-570324,215.5857619370272
mp-570485,1205.5856833292526
mp-5707,620.585729779301
mp-570844,313.58575415565144
mp-570891,108.58577043301895
mp-570935,321.5857535204372
mp-571093,1241.5856804707878
mp-571102,59.585774323706815
mp-571222,72.58577329148352
mp-571306,344.5857516941958
mp-571461,324.58575328223185
mp-573658,980.5857011946556
mp-573697,122.58576932139387
mp-573721,400.58574724769545
mp-573755,201.58576304865227
mp-573763,85.58577225926021
mp-574599,231.60760465794567
mp-5782,436.58574438923085
mp-5795,542.5857359726408
mp-581024,114.5857699566082
mp-581833,2092.585612899862
mp-5840,689.5857243005772
mp-5853,1062.5856946837089
mp-5858,592.5857320025513
mp-5860,617.5857300175064
mp-5878,488.5857402603377
mp-588,634.585728667676
mp-5928,457.5857427217933
mp-5967,293.58575574368734
mp-602,256.58575868155367
mp-608555,309.58575447325865
mp-6088,503.5857390693108
mp-614603,61.58577416490324
mp-6204,500.5857393075161
mp-623024,680.5857250151935
mp-625136,3305.585516585488
mp-626620,3289.585517855917
mp-626785,3261.585520079166
mp-632319,675.5857254122026
mp-634676,2552.585576375037
mp-6384,1153.5856874581455
mp-638729,333.5857525676157
mp-6408,375.58574923274034
mp-641923,218.58576169882184
mp-642648,2275.5855983693336
mp-642725,3592.585493797173
mp-643002,2071.5856145673
mp-643101,2097.585612502853
mp-643243,2094.5856127410584
mp-643257,1872.5856303682565
mp-643264,1867.5856307652653
mp-643279,2100.5856122646474
mp-643370,1191.5856844408775
mp-644203,1220.5856821382256
mp-6450,402.585747088892
mp-6459,1519.5856583970894
mp-6494,1520.5856583176874
mp-6560,1153.1905864961611
mp-6586,643.5857279530597
mp-66,1310.585674992064
mp-661,719.5857219185235
mp-6654,547.5857355756318
mp-6660,1271.585678088734
mp-672,289.5857560612945
mp-675011,852.4579164643103
mp-675104,271.5857574905268
mp-675230,302.5857550290712
mp-675531,268.5857577287321
mp-675902,221.58576146061642
mp-676284,213.01151280128758
mp-676464,240.5857599519823
mp-676861,767.5857181072374
mp-677335,1147.5856879345565
mp-684,458.5857426423914
mp-684580,121.58576940079568
mp-684690,296.585755505482
mp-684969,363.5857501855618
mp-6867,1524.5856580000805
mp-6920,1373.585669989751
mp-6930,1177.5856855525024
mp-6949,575.5857333523818
mp-6951,468.9700846237468
mp-6960,406.58574677128473
mp-696804,2564.458303244592
mp-697030,1976.585622110471
mp-697038,1733.5856414051057
mp-697044,1853.58563187689
mp-697133,1188.5856846790828
mp-697144,3337.58551404463
mp-6972,652.5857272384436
mp-6980,361.5857503443654
mp-6983,552.5857351786229
mp-6984,412.58574629487396
mp-6989,777.5857173132196
mp-7000,1177.5856855525024
mp-7027,1309.585675071466
mp-7041,640.5857281912653
mp-7060,479.58574097495386
mp-7067,185.58576431908094
mp-7077,335.58575240881197
mp-7089,260.58575836394647
mp-7100,526.5857372430696
mp-7104,436.58574438923085
mp-7128,742.5857200922823
mp-7140,845.5857119138975
mp-7148,887.811580454068
mp-7173,258.58575852275004
mp-7176,165.58576590711678
mp-7188,442.5857439128201
mp-7219,226.58576106360744
mp-7232,605.585730970328
mp-7233,445.5857436746148
mp-7297,533.585736687257
mp-730,501.58573922811433
mp-7323,1394.5856683223135
mp-733,910.5857067527812
mp-736,500.5857393075161
mp-7374,614.5857302557117
mp-7375,856.608845977842
mp-7392,207.58576257224152
mp-7421,244.5857596343752
mp-743,2096.5856125822547
mp-7436,194.5857636044648
mp-7437,353.58575097957976
mp-7438,206.5857626516433
mp-7439,371.58574955034754
mp-7446,452.5857431188022
mp-7447,232.5857605871967
mp-7449,237.58576019018776
mp-7457,439.5857441510256
mp-7467,669.5857258886133
mp-7470,628.5857291440867
mp-7472,620.585729779301
mp-7505,490.58574010153404
mp-752580,1321.5856741186446
mp-752658,509.5857385929
mp-752676,834.5857127873172
mp-753098,674.5857254916042
mp-753260,536.7372200565968
mp-753287,465.5857420865789
mp-753401,749.5857195364697
mp-753671,1342.5856724512068
mp-753802,926.5857054823524
mp-753946,365.5857500267583
mp-754117,2657.585568037849
mp-754118,734.5857207274968
mp-754212,142.58576773335804
mp-754326,572.5857335905872
mp-754329,589.5857322407568
mp-754363,740.5857202510858
mp-754368,619.5857298587027
mp-754517,199.5857632074558
mp-754535,537.5857363696499
mp-7547,225.5857611430092
mp-754710,163.58576606592038
mp-7548,237.58576019018776
mp-755013,861.5857106434689
mp-755287,480.58574089555196
mp-755309,477.5857411337574
mp-755478,541.5857360520424
mp-755586,539.5857362108462
mp-755756,539.651141832417
mp-755895,737.4038770818173
mp-7566,1129.5856893637886
mp-757,464.58574216598083
mp-7575,596.5857316849441
mp-7581,296.585755505482
mp-7596,781.5857169956122
mp-760,310.5857543938568
mp-760375,520.5857377194803
mp-760417,270.5857575699285
mp-7608,611.5857304939171
mp-7610,934.5857048471382
mp-7611,745.585719854077
mp-7631,932.5857050059418
mp-7642,227.5857609842057
mp-7643,195.58576352506302
mp-7650,544.5857358138372
mp-766,289.5857560612945
mp-7667,447.58574351581115
mp-7670,229.585760825402
mp-768368,289.5857560612945
mp-770932,663.5857263650239
mp-772290,603.5857311291314
mp-773137,193.5857636838666
mp-7738,319.58575367924067
mp-774907,450.5857432776057
mp-7752,381.5857487563297
mp-776532,759.5857187424518
mp-7770,190.58576392207195
mp-7773,222.5857613812146
mp-7774,192.58576376326835
mp-7786,426.5857451832489
mp-7801,769.1800191221088
mp-7808,444.58574375401656
mp-7825,607.5857308115244
mp-7848,1208.585683091047
mp-7849,990.5857004006378
mp-7863,674.5857254916042
mp-7895,832.5857129461209
mp-7896,829.0174567200193
mp-7903,562.5857343846051
mp-7906,465.5857420865789
mp-7907,387.5857482799189
mp-7908,332.5857526470174
mp-7909,332.5857526470174
mp-7910,329.58575288522275
mp-7911,635.5857285882743
mp-7921,642.5857280324616
mp-7922,632.5857288264797
mp-7928,351.58575113838333
mp-7929,350.5857512177851
mp-7931,426.5857451832489
mp-7936,357.5857506619725
mp-7938,375.58574923274034
mp-7939,266.5857578875357
mp-7940,259.58575844334825
mp-7955,423.1282952930162
mp-7958,449.5857433570076
mp-7972,443.58574383341835
mp-7979,615.58573017631
mp-7988,269.5857576493304
mp-8000,1343.585672371805
mp-8016,375.58574923274034
mp-8017,326.5857531234282
mp-8039,729.6775748147577
mp-804,674.5857254916042
mp-8041,174.58576519250062
mp-8042,799.5857155663801
mp-8058,903.5857073085936
mp-8062,849.5857115962906
mp-8098,647.5857276354526
mp-8127,1531.5856574442678
mp-8145,545.5857357344355
mp-8147,282.58575661710705
mp-8161,533.585736687257
mp-8175,418.58574581846324
mp-8176,411.5857463742758
mp-8177,354.58575090017797
mp-8180,1445.585664272822
mp-8187,483.81583242757483
mp-8188,557.585734781614
mp-8192,588.5857323201583
mp-8200,464.58574216598083
mp-8207,739.5857203304878
mp-8208,734.5857207274968
mp-8212,689.5857243005772
mp-8217,588.5857323201583
mp-8235,478.5857410543556
mp-8255,616.5857300969083
mp-8256,621.5857296998992
mp-8257,310.5857543938568
mp-8262,505.58573891050713
mp-827,2109.5856115500314
mp-8276,314.5857540762497
mp-8277,288.5857561406963
mp-8278,310.5857543938568
mp-8279,276.58575709351777
mp-8280,288.5857561406963
mp-8298,462.6991086384732
mp-8299,440.3395289741532
mp-830,670.5857258092112
mp-8311,494.58573978392684
mp-8335,726.5857213627112
mp-8361,166.585765827715
mp-8377,731.5857209657021
mp-8399,436.58574438923085
mp-8402,459.58574256298965
mp-8405,384.58574851812415
mp-8407,456.5857428011951
mp-8409,496.5857396251232
mp-841,800.5857154869783
mp-8411,243.5857597137769
mp-8426,125.58576908318848
mp-8430,399.5857473270973
mp-8446,356.58575074137434
mp-8454,204.58576281044685
mp-8455,213.47561009872064
mp-8459,1186.5856848378864
mp-856,717.5857220773271
mp-8579,250.5857591579644
mp-8615,1091.5856923810568
mp-861937,113.58577003600998
mp-861979,442.5857439128201
mp-8621,208.5857624928397
mp-8622,207.58576257224152
mp-8623,175.58576511309886
mp-862631,107.58577051242077
mp-862947,94.58577154464407
mp-8630,354.58575090017797
mp-865185,493.5857398633288
mp-8658,195.58576352506302
mp-866132,168.24815042310587
mp-866141,412.58574629487396
mp-866291,143.5857676539562
mp-867169,122.58576932139387
mp-867193,121.58576940079568
mp-867219,618.5857299381046
mp-8697,1315.585674595055
mp-8703,251.99023701445657
mp-8724,731.5857209657021
mp-8751,376.58574915333855
mp-8752,353.58575097957976
mp-8753,324.58575328223185
mp-8756,366.5857499473565
mp-8759,693.5857239829703
mp-8789,474.58574137196274
mp-8812,603.5857311291314
mp-8818,673.585725571006
mp-8830,566.5857340669977
mp-8857,284.58575645830336
mp-886,716.5857221567288
mp-8861,450.5857432776057
mp-8873,1052.5856954777264
mp-8874,1106.5856911900298
mp-8880,418.58574581846324
mp-8881,366.5857499473565
mp-8882,376.58574915333855
mp-8884,179.58576479549168
mp-8891,1376.5856697515458
mp-8922,656.5857269208365
mp-8930,262.5857582051429
mp-8931,217.5857617782236
mp-8932,463.58574224538256
mp-8934,214.585762016429
mp-8943,657.5857268414347
mp-8963,405.017588021876
mp-8979,795.5857158839873
mp-9008,203.58576288984864
mp-9010,335.58575240881197
mp-9062,481.5857408161503
mp-9063,254.58575884035724
mp-9107,313.352607426604
mp-9124,357.5857506619725
mp-9125,657.5857268414347
mp-9126,652.5857272384436
mp-9127,644.585727873658
mp-9143,894.5857080232097
mp-9144,711.5857225537379
mp-9158,630.5857289852831
mp-9195,282.39473424405037
mp-9198,504.5857389899089
mp-9200,286.5857562994999
mp-9205,869.7640424355068
mp-924128,239.5857600313841
mp-924129,228.58576090480392
mp-924130,272.585757411125
mp-9244,1204.5856834086542
mp-9250,346.5857515353923
mp-9259,1298.5856759448855
mp-9262,584.5857326377655
mp-9268,252.58575899916082
mp-927,486.5857404191413
mp-9270,359.5857505031691
mp-9273,188.58576408087555
mp-9274,186.5857642396791
mp-9295,223.58576130181282
mp-9306,666.5857261268186
mp-9307,659.5857266826313
mp-9317,331.5857527264192
mp-9321,446.0864616460566
mp-9361,250.5857591579644
mp-9382,580.256144779931
mp-9383,590.5857321613547
mp-9384,341.58575193240125
mp-9385,242.58575979317874
mp-9386,241.58575987258044
mp-9437,308.58575455266043
mp-9486,624.5857294616939
mp-9517,781.5857169956122
mp-9562,497.5857395457216
mp-9564,306.58575471146406
mp-9565,254.58575884035724
mp-9566,259.58575844334825
mp-9567,252.58575899916082
mp-9569,328.5857529646245
mp-9570,297.5857554260802
mp-9571,212.5857621752325
mp-9575,468.58574184837363
mp-9583,493.5857398633288
mp-9595,783.5857168368087
mp-9610,2042.5856168699515
mp-961649,276.58575709351777
mp-961673,315.58575399684787
mp-961678,273.5857573317232
mp-961682,248.585759316768
mp-961684,305.58575479086585
mp-961685,223.58576130181282
mp-961687,211.58576225463432
mp-961693,196.5857634456612
mp-961698,364.58575010616005
mp-961706,368.58574978855285
mp-961711,320.5857535998389
mp-961713,211.58576225463432
mp-961774,177.58576495429523
mp-9631,780.5857170750141
mp-9636,640.5857281912653
mp-9657,722.5857216803181
mp-9664,1117.5856903166102
mp-966800,328.5857529646245
mp-9672,491.5857400221323
mp-9675,1117.5856903166102
mp-9687,317.58575383804435
mp-9692,308.58575455266043
mp-971,296.585755505482
mp-9718,975.5857015916647
mp-9720,1114.5856905548158
mp-972937,765.585718266041
mp-9731,231.03896111579812
mp-973185,566.5857340669977
mp-9732,211.58576225463432
mp-974381,411.5857463742758
mp-974603,471.84628776184684
mp-975115,949.5857036561116
mp-975140,311.585754314455
mp-9755,806.5857150105676
mp-976280,358.5857505825708
mp-976876,1801.585636005784
mp-9775,217.5857617782236
mp-9778,294.5857556642855
mp-9780,154.5857667805365
mp-978847,1159.5856869817349
mp-978852,1208.585683091047
mp-979137,1124.5856897607975
mp-9794,308.7520560368611
mp-980057,1230.5856813442074
mp-981,334.58575248821387
mp-9812,1496.5856602233305
mp-9821,645.5857277942563
mp-983565,607.5857308115244
mp-9839,634.585728667676
mp-9844,1377.585669672144
mp-9845,224.58576122241104
mp-9846,201.58576304865227
mp-984761,73.56765209308998
mp-9855,334.58575248821387
mp-9856,289.5857560612945
mp-9872,848.5857116756923
mp-9881,229.9570867399526
mp-989400,511.5857384340965
mp-989405,224.58576122241104
mp-989407,955.5857031797003
mp-989513,918.5857061175667
mp-989523,477.2236575467816
mp-989531,506.5857388311055
mp-989535,1340.341044368494
mp-989539,1423.5856660196616
mp-989558,501.58573922811433
mp-989561,507.58573875170373
mp-989562,411.5857463742758
mp-989571,285.58575637890164
mp-989575,1390.5856686399204
mp-989608,276.58575709351777
mp-989610,1317.5856744362516
mp-989616,1335.5856730070195
mp-989618,512.5857383546946
mp-989625,1012.5856986537982
mp-989635,1002.9447513380701
mp-989638,1297.5856760242873
mp-989642,1407.5856672900907
mp-989643,1840.5856329091127
mp-9900,404.58574693008836
mp-9915,555.5857349404176
mp-991652,289.5857560612945
mp-991676,261.5857582845447
mp-9919,262.5857582051429
mp-996959,653.5857271590419
mp-996962,595.5857317643457
mp-996983,608.5857307321222
mp-996997,605.9291732079247
mp-997002,622.5857296204973
mp-997036,634.585728667676
mp-997041,675.5857254122026
mp-997086,525.5857373224713
mp-997089,603.5857311291314
mp-998156,238.4559452332465
mp-998198,225.52557371613608
mp-998413,190.0023038850011
mp-998433,157.58576654233113
mp-998552,774.5857175514249
mp-998599,212.5857621752325
mp-9986,541.5857360520424
mp-998603,142.58576773335804
mp-998604,223.58576130181282
mp-998612,219.71838321658527
mp-999498,1090.5856924604586
mp-999549,1038.5856965893518
